463939057,ace3
497660133,cup_weapons
497661914,cup_units
541888371,cup_vehicles
583496184,cup_terrains_core
583544987,cup_terrains_maps
1113351114,dshouses
843425103,rhsafrf
843593391,rhsgref
843577117,rhsusaf
843632231,rhssaf
779520435,tyrk_uniforms
450814997,cba_a3
333310405,em
779568775,tac_vests
313041182,l3gpnvg18_nightvision
388697912,fhq_accessories
918639806,aliabad
893328083,3cb_baf_equipment
893346105,3cb_baf_units
893349825,3cb_baf_vehicles
893339590,3cb_baf_weapons
751965892,acre2
501589008,thirsk
